{
  "model_name": "model_lr",
  "evaluated_run_id": "cc61163e-f5fa-4914-b485-544580350b03",
  "accepted": true,
  "actual_metrics": {
    "accuracy": 0.8,
    "precision": 0.7155963302752294,
    "recall": 0.896551724137931,
    "f1_score": 0.7959183673469388
  },
  "expected_thresholds": {
    "accuracy": 0.76,
    "precision": 0.73,
    "recall": 0.71,
    "f1_score": 0.72
  }
}